record_id,redacted_data_json,is_pii
1,"{""customer_id"": ""CUST001"", ""phone"": ""98XXXXX210"", ""order_value"": 1299}",True
2,"{""name"": ""[REDACTED_PII]"", ""email"": ""[REDACTED_PII]"", ""city"": ""Mumbai""}",True
3,"{""first_name"": ""Priya"", ""product"": ""iPhone 14"", ""category"": ""Electronics""}",False
4,"{""aadhar"": ""[REDACTED_PII]"", ""transaction_type"": ""purchase""}",True
5,"{""email"": ""standalone@email.com"", ""product_id"": ""PROD123""}",False
6,"{""name"": ""[REDACTED_PII]"", ""address"": ""[REDACTED_PII]"", ""ip_address"": ""[REDACTED_PII]""}",True
7,"{""city"": ""Delhi"", ""pin_code"": ""110001"", ""product_category"": ""Fashion""}",False
8,"{""upi_id"": ""[REDACTED_PII]"", ""amount"": 500}",True
9,"{""last_name"": ""Sharma"", ""order_id"": ""ORD789456""}",False
10,"{""passport"": ""[REDACTED_PII]"", ""booking_reference"": ""BK123""}",True
11,"{""device_id"": ""DEV456789"", ""app_version"": ""2.1.4""}",False
12,"{""name"": ""[REDACTED_PII]"", ""email"": ""[REDACTED_PII]"", ""device_id"": ""[REDACTED_PII]""}",True
13,"{""transaction_id"": ""TXN987654"", ""amount"": 2500, ""status"": ""completed""}",False
14,"{""phone"": ""87XXXXX109"", ""order_date"": ""2024-01-15""}",True
15,"{""state"": ""Maharashtra"", ""product_name"": ""Laptop Bag""}",False
16,"{""name"": ""[REDACTED_PII]"", ""address"": ""[REDACTED_PII]"", ""email"": ""[REDACTED_PII]""}",True
17,"{""first_name"": ""Anita"", ""last_name_initial"": ""K"", ""age"": 28}",False
18,"{""aadhar"": ""[REDACTED_PII]"", ""verification_status"": ""verified""}",True
19,"{""email"": ""customer@service.com"", ""query_type"": ""refund""}",False
20,"{""upi_id"": ""[REDACTED_PII]"", ""merchant"": ""Flipkart""}",True
21,"{""product_description"": ""Samsung Galaxy S23"", ""price"": 65000}",False
22,"{""name"": ""[REDACTED_PII]"", ""phone"": ""78XXXXX456"", ""email"": ""[REDACTED_PII]""}",True
23,"{""pin_code"": ""400001"", ""delivery_date"": ""2024-02-10""}",False
24,"{""passport"": ""[REDACTED_PII]"", ""travel_date"": ""2024-03-15""}",True
25,"{""customer_segment"": ""Premium"", ""loyalty_points"": 1500}",False
26,"{""name"": ""[REDACTED_PII]"", ""address"": ""[REDACTED_PII]"", ""ip_address"": ""[REDACTED_PII]""}",True
27,"{""order_type"": ""Express"", ""shipping_method"": ""same_day""}",False
28,"{""phone"": ""67XXXXX345"", ""sms_consent"": true}",True
29,"{""username"": ""techguru"", ""last_login"": ""2024-01-20""}",False
30,"{""aadhar"": ""[REDACTED_PII]"", ""kyc_status"": ""pending""}",True
31,"{""category"": ""Books"", ""author"": ""Chetan Bhagat""}",False
32,"{""name"": ""[REDACTED_PII]"", ""email"": ""[REDACTED_PII]"", ""device_type"": ""Android""}",True
33,"{""session_id"": ""SESS789123"", ""duration"": ""45 minutes""}",False
34,"{""upi_id"": ""[REDACTED_PII]"", ""payment_method"": ""UPI""}",True
35,"{""region"": ""North India"", ""warehouse_code"": ""WH001""}",False
36,"{""name"": ""[REDACTED_PII]"", ""address"": ""[REDACTED_PII]"", ""phone"": ""90XXXXX678""}",True
37,"{""subscription_type"": ""Premium"", ""renewal_date"": ""2024-06-15""}",False
38,"{""passport"": ""[REDACTED_PII]"", ""country"": ""India""}",True
39,"{""first_name"": ""Kavya"", ""gender"": ""Female"", ""age_group"": ""25-35""}",False
40,"{""aadhar"": ""[REDACTED_PII]"", ""bank_verification"": ""success""}",True
41,"{""brand"": ""Nike"", ""model"": ""Air Max"", ""size"": ""9""}",False
42,"{""name"": ""[REDACTED_PII]"", ""email"": ""[REDACTED_PII]"", ""ip_address"": ""[REDACTED_PII]""}",True
43,"{""currency"": ""INR"", ""exchange_rate"": 83.25}",False
44,"{""phone"": ""89XXXXX567"", ""notification_preference"": ""SMS""}",True
45,"{""product_rating"": 4.5, ""review_count"": 150}",False
46,"{""upi_id"": ""[REDACTED_PII]"", ""family_size"": 4}",True
47,"{""zip_code"": ""560001"", ""delivery_zone"": ""Zone_A""}",False
48,"{""name"": ""[REDACTED_PII]"", ""address"": ""[REDACTED_PII]"", ""email"": ""[REDACTED_PII]""}",True
49,"{""app_name"": ""Flipkart"", ""version"": ""8.21.0""}",False
50,"{""passport"": ""[REDACTED_PII]"", ""issue_date"": ""2020-05-10""}",True
51,"{""last_name"": ""Iyer"", ""profession"": ""Software Engineer""}",False
52,"{""aadhar"": ""[REDACTED_PII]"", ""address_proof"": ""verified""}",True
53,"{""email"": ""support@flipkart.com"", ""ticket_id"": ""TICK456""}",False
54,"{""name"": ""[REDACTED_PII]"", ""phone"": ""70XXXXX689"", ""device_id"": ""[REDACTED_PII]""}",True
55,"{""search_query"": ""bluetooth headphones"", ""filters"": ""price,brand""}",False
56,"{""upi_id"": ""[REDACTED_PII]"", ""auto_debit"": true}",True
57,"{""state_code"": ""MH"", ""gst_number"": ""27ABCDE1234F1Z5""}",False
58,"{""name"": ""[REDACTED_PII]"", ""email"": ""[REDACTED_PII]"", ""address"": ""[REDACTED_PII]""}",True
59,"{""feature_flag"": ""new_checkout"", ""enabled"": true}",False
60,"{""phone"": ""93XXXXX012"", ""otp_verification"": ""pending""}",True
61,"{""discount_code"": ""SAVE20"", ""validity"": ""2024-03-31""}",False
62,"{""passport"": ""[REDACTED_PII]"", ""nationality"": ""Indian""}",True
63,"{""first_name"": ""Rohan"", ""wishlist_count"": 15}",False
64,"{""aadhar"": ""[REDACTED_PII]"", ""biometric_status"": ""matched""}",True
65,"{""payment_gateway"": ""Razorpay"", ""transaction_fee"": 25}",False
66,"{""name"": ""[REDACTED_PII]"", ""address"": ""[REDACTED_PII]"", ""ip_address"": ""[REDACTED_PII]""}",True
67,"{""inventory_id"": ""INV789"", ""stock_level"": 50}",False
68,"{""upi_id"": ""[REDACTED_PII]"", ""merchant_category"": ""retail""}",True
69,"{""city"": ""Hyderabad"", ""weather"": ""partly_cloudy""}",False
70,"{""phone"": ""84XXXXX123"", ""call_preference"": ""evening""}",True
71,"{""coupon_code"": ""FIRST10"", ""usage_count"": 1}",False
72,"{""name"": ""[REDACTED_PII]"", ""email"": ""[REDACTED_PII]"", ""device_type"": ""iOS""}",True
73,"{""logistics_partner"": ""BlueDart"", ""tracking_id"": ""BD123456789""}",False
74,"{""passport"": ""[REDACTED_PII]"", ""expiry_date"": ""2030-12-15""}",True
75,"{""age"": 32, ""income_bracket"": ""middle_class""}",False
76,"{""aadhar"": ""[REDACTED_PII]"", ""mobile_linked"": true}",True
77,"{""return_reason"": ""size_issue"", ""refund_amount"": 899}",False
78,"{""name"": ""[REDACTED_PII]"", ""phone"": ""71XXXXX890"", ""email"": ""[REDACTED_PII]""}",True
79,"{""seller_id"": ""SELLER001"", ""rating"": 4.2}",False
80,"{""upi_id"": ""[REDACTED_PII]"", ""settlement_cycle"": ""T+2""}",True
81,"{""recommendation_type"": ""collaborative"", ""confidence"": 0.85}",False
82,"{""name"": ""[REDACTED_PII]"", ""address"": ""[REDACTED_PII]"", ""email"": ""[REDACTED_PII]""}",True
83,"{""api_version"": ""v2.1"", ""response_time"": ""120ms""}",False
84,"{""phone"": ""95XXXXX123"", ""language_preference"": ""Hindi""}",True
85,"{""last_name"": ""Reddy"", ""occupation"": ""Doctor""}",False
86,"{""passport"": ""[REDACTED_PII]"", ""visa_required"": false}",True
87,"{""affiliate_id"": ""AFF789"", ""commission_rate"": 5}",False
88,"{""aadhar"": ""[REDACTED_PII]"", ""ekyc_timestamp"": ""2024-01-15T10:30:00Z""}",True
89,"{""utm_source"": ""google"", ""campaign"": ""winter_sale""}",False
90,"{""name"": ""[REDACTED_PII]"", ""email"": ""[REDACTED_PII]"", ""ip_address"": ""[REDACTED_PII]""}",True
91,"{""fraud_score"": 0.15, ""risk_level"": ""low""}",False
92,"{""upi_id"": ""[REDACTED_PII]"", ""bank_name"": ""State Bank""}",True
93,"{""search_filter"": ""electronics"", ""sort_by"": ""price_low_to_high""}",False
94,"{""phone"": ""82XXXXX890"", ""two_factor_auth"": true}",True
95,"{""first_name"": ""Arun"", ""cart_value"": 2500}",False
96,"{""name"": ""[REDACTED_PII]"", ""address"": ""[REDACTED_PII]"", ""phone"": ""67XXXXX345""}",True
97,"{""machine_learning_model"": ""recommendation_v3"", ""accuracy"": 0.92}",False
98,"{""passport"": ""[REDACTED_PII]"", ""place_of_issue"": ""Mumbai""}",True
99,"{""city"": ""Bangalore"", ""traffic_condition"": ""moderate""}",False
100,"{""aadhar"": ""[REDACTED_PII]"", ""consent_given"": true}",True
101,"{""email"": ""newsletter@flipkart.com"", ""unsubscribe_rate"": 0.02}",False
102,"{""name"": ""[REDACTED_PII]"", ""email"": ""[REDACTED_PII]"", ""device_id"": ""[REDACTED_PII]""}",True
103,"{""performance_metric"": ""page_load_time"", ""value"": ""2.1s""}",False
104,"{""upi_id"": ""[REDACTED_PII]"", ""limit_daily"": 50000}",True
105,"{""last_name"": ""Gupta"", ""education"": ""MBA""}",False
106,"{""phone"": ""79XXXXX567"", ""marketing_consent"": false}",True
107,"{""analytics_event"": ""product_view"", ""timestamp"": ""2024-01-20T14:22:33Z""}",False
108,"{""name"": ""[REDACTED_PII]"", ""address"": ""[REDACTED_PII]"", ""email"": ""[REDACTED_PII]""}",True
109,"{""cache_hit_ratio"": 0.78, ""response_cached"": true}",False
110,"{""passport"": ""[REDACTED_PII]"", ""passport_type"": ""ordinary""}",True
111,"{""first_name"": ""Vivek"", ""subscription_status"": ""active""}",False
112,"{""aadhar"": ""[REDACTED_PII]"", ""demographic_verified"": true}",True
113,"{""a_b_test"": ""checkout_flow_v2"", ""variant"": ""B""}",False
114,"{""name"": ""[REDACTED_PII]"", ""phone"": ""83XXXXX901"", ""email"": ""[REDACTED_PII]""}",True
115,"{""geo_location"": ""lat:12.9716,lng:77.5946"", ""accuracy"": ""10m""}",False
116,"{""upi_id"": ""[REDACTED_PII]"", ""merchant_type"": ""individual""}",True
117,"{""database_query"": ""SELECT * FROM products"", ""execution_time"": ""45ms""}",False
118,"{""phone"": ""98XXXXX210"", ""device_brand"": ""Samsung""}",True
119,"{""last_name"": ""Singh"", ""marital_status"": ""married""}",False
120,"{""name"": ""[REDACTED_PII]"", ""address"": ""[REDACTED_PII]"", ""ip_address"": ""[REDACTED_PII]""}",True
121,"{""content_type"": ""application/json"", ""encoding"": ""utf-8""}",False
122,"{""passport"": ""[REDACTED_PII]"", ""biometric_enrolled"": true}",True
123,"{""city"": ""Coimbatore"", ""pincode"": ""641001""}",False
124,"{""aadhar"": ""[REDACTED_PII]"", ""otp_verified"": true}",True
125,"{""recommendation_engine"": ""neural_cf"", ""training_date"": ""2024-01-01""}",False
126,"{""name"": ""[REDACTED_PII]"", ""email"": ""[REDACTED_PII]"", ""device_type"": ""Desktop""}",True
127,"{""webhook_url"": ""https://api.example.com/webhook"", ""status"": ""active""}",False
128,"{""upi_id"": ""[REDACTED_PII]"", ""autopay_enabled"": false}",True
129,"{""first_name"": ""Mohit"", ""preferred_language"": ""English""}",False
130,"{""phone"": ""74XXXXX012"", ""carrier"": ""Airtel""}",True
131,"{""inventory_turnover"": 4.2, ""stock_out_rate"": 0.08}",False
132,"{""name"": ""[REDACTED_PII]"", ""address"": ""[REDACTED_PII]"", ""phone"": ""80XXXXX679""}",True
133,"{""service_level"": ""premium"", ""response_time_sla"": ""< 1 hour""}",False
134,"{""passport"": ""[REDACTED_PII]"", ""emergency_contact"": ""+91-9876543210""}",True
135,"{""last_name"": ""Nair"", ""hobby"": ""photography""}",False
136,"{""aadhar"": ""[REDACTED_PII]"", ""photo_verification"": ""passed""}",True
137,"{""feature_toggle"": ""new_ui"", ""rollout_percentage"": 25}",False
138,"{""name"": ""[REDACTED_PII]"", ""email"": ""[REDACTED_PII]"", ""ip_address"": ""[REDACTED_PII]""}",True
139,"{""data_pipeline"": ""etl_v2"", ""processed_records"": 1000000}",False
140,"{""upi_id"": ""[REDACTED_PII]"", ""transaction_limit"": 100000}",True
141,"{""search_algorithm"": ""elasticsearch"", ""index_size"": ""2.5GB""}",False
142,"{""phone"": ""91XXXXX789"", ""roaming_status"": false}",True
143,"{""city"": ""Kochi"", ""state"": ""Kerala""}",False
144,"{""name"": ""[REDACTED_PII]"", ""address"": ""[REDACTED_PII]"", ""email"": ""[REDACTED_PII]""}",True
145,"{""microservice"": ""user_service"", ""health_status"": ""healthy""}",False
146,"{""passport"": ""[REDACTED_PII]"", ""pages_remaining"": 28}",True
147,"{""first_name"": ""Deepak"", ""loyalty_tier"": ""gold""}",False
148,"{""aadhar"": ""[REDACTED_PII]"", ""fingerprint_matched"": true}",True
149,"{""cdn_cache"": ""cloudflare"", ""hit_ratio"": 0.89}",False
150,"{""name"": ""[REDACTED_PII]"", ""phone"": ""78XXXXX456"", ""email"": ""[REDACTED_PII]""}",True
151,"{""log_level"": ""INFO"", ""message"": ""Transaction completed successfully""}",False
152,"{""upi_id"": ""[REDACTED_PII]"", ""beneficiary_count"": 3}",True
153,"{""machine_id"": ""ML789"", ""cpu_utilization"": 65}",False
154,"{""phone"": ""85XXXXX123"", ""do_not_disturb"": true}",True
155,"{""last_name"": ""Mishra"", ""department"": ""Engineering""}",False
156,"{""name"": ""[REDACTED_PII]"", ""address"": ""[REDACTED_PII]"", ""ip_address"": ""[REDACTED_PII]""}",True
157,"{""kubernetes_pod"": ""api-server-v2"", ""replicas"": 3}",False
158,"{""passport"": ""[REDACTED_PII]"", ""sponsor_required"": false}",True
159,"{""city"": ""Indore"", ""region"": ""Central India""}",False
160,"{""aadhar"": ""[REDACTED_PII]"", ""iris_scan"": ""verified""}",True
161,"{""email"": ""admin@system.com"", ""role"": ""system_admin""}",False
162,"{""name"": ""[REDACTED_PII]"", ""email"": ""[REDACTED_PII]"", ""device_id"": ""[REDACTED_PII]""}",True
163,"{""ssl_certificate"": ""valid"", ""expiry"": ""2024-12-31""}",False
164,"{""upi_id"": ""[REDACTED_PII]"", ""insurance_linked"": true}",True
165,"{""first_name"": ""Neha"", ""age_verification"": ""completed""}",False
166,"{""phone"": ""92XXXXX890"", ""backup_number"": ""+91-8765432109""}",True
167,"{""monitoring_alert"": ""high_memory_usage"", ""threshold_exceeded"": true}",False
168,"{""name"": ""[REDACTED_PII]"", ""address"": ""[REDACTED_PII]"", ""phone"": ""73XXXXX901""}",True
169,"{""load_balancer"": ""nginx"", ""upstream_servers"": 4}",False
170,"{""passport"": ""[REDACTED_PII]"", ""travel_history"": ""USA,UAE,UK""}",True
171,"{""last_name"": ""Patel"", ""blood_group"": ""O+""}",False
172,"{""aadhar"": ""456783210987"", ""document_uploaded"": 2024-01-15""}""",False
173,"{""api_rate_limit"": 1000, ""current_usage"": 245}",False
174,"{""name"": ""[REDACTED_PII]"", ""email"": ""[REDACTED_PII]"", ""ip_address"": ""[REDACTED_PII]""}",True
175,"{""database_connection"": ""mysql"", ""pool_size"": 20}",False
176,"{""upi_id"": ""[REDACTED_PII]"", ""balance_inquiry"": true}",True
177,"{""city"": ""Nagpur"", ""timezone"": ""Asia/Kolkata""}",False
178,"{""phone"": ""89XXXXX567"", ""international_roaming"": false}",True
179,"{""first_name"": ""Rakesh"", ""credit_score"": 750}",False
180,"{""name"": ""[REDACTED_PII]"", ""address"": ""[REDACTED_PII]"", ""email"": ""[REDACTED_PII]""}",True
181,"{""message_queue"": ""rabbitmq"", ""queue_depth"": 150}",False
182,"{""passport"": ""[REDACTED_PII]"", ""diplomatic_status"": false}",True
183,"{""last_name"": ""Yadav"", ""experience"": ""5 years""}",False
184,"{""aadhar"": ""567894321098"", ""address_change_request"": pending""}""",False
185,"{""security_scan"": ""passed"", ""vulnerabilities_found"": 0}",False
186,"{""name"": ""[REDACTED_PII]"", ""phone"": ""67XXXXX345"", ""email"": ""[REDACTED_PII]""}",True
187,"{""container_registry"": ""docker_hub"", ""image_version"": ""v1.2.3""}",False
188,"{""upi_id"": ""[REDACTED_PII]"", ""pin_change_required"": false}",True
189,"{""city"": ""Chandigarh"", ""weather_forecast"": ""sunny""}",False
190,"{""phone"": ""76XXXXX234"", ""fiber_connection"": true}",True
191,"{""first_name"": ""Manoj"", ""vehicle_type"": ""sedan""}",False
192,"{""name"": ""[REDACTED_PII]"", ""address"": ""[REDACTED_PII]"", ""ip_address"": ""[REDACTED_PII]""}",True
193,"{""elastic_search"": ""cluster_healthy"", ""nodes"": 5}",False
194,"{""passport"": ""[REDACTED_PII]"", ""minor_dependent"": false}",True
195,"{""last_name"": ""Jain"", ""dietary_preference"": ""vegetarian""}",False
196,"{""aadhar"": ""[REDACTED_PII]"", ""family_head"": true}",True
197,"{""prometheus_metric"": ""http_requests_total"", ""value"": 50000}",False
198,"{""name"": ""[REDACTED_PII]"", ""email"": ""[REDACTED_PII]"", ""device_type"": ""Mobile""}",True
199,"{""grafana_dashboard"": ""system_overview"", ""panels"": 12}",False
200,"{""upi_id"": ""[REDACTED_PII]"", ""interest_rate"": 3.5}",True
201,"{""city"": ""Bhopal"", ""air_quality"": ""moderate""}",False
202,"{""phone"": ""90XXXXX678"", ""plan_type"": ""postpaid""}",True
203,"{""first_name"": ""Shalini"", ""favorite_color"": ""blue""}",False
204,"{""name"": ""[REDACTED_PII]"", ""address"": ""[REDACTED_PII]"", ""phone"": ""81XXXXX790""}",True
205,"{""jenkins_build"": ""successful"", ""build_number"": 156}",False
206,"{""passport"": ""C4702581"", ""renewal_due"": 2025-06-15""}""",False
207,"{""last_name"": ""Chopra"", ""shoe_size"": 9}",False
208,"{""aadhar"": ""[REDACTED_PII]"", ""nomination_updated"": true}",True
209,"{""terraform_state"": ""applied"", ""resources"": 23}",False
210,"{""name"": ""[REDACTED_PII]"", ""email"": ""[REDACTED_PII]"", ""ip_address"": ""[REDACTED_PII]""}",True
211,"{""ansible_playbook"": ""deploy_app"", ""tasks"": 15}",False
212,"{""upi_id"": ""[REDACTED_PII]"", ""kyc_level"": ""full""}",True
213,"{""city"": ""Vadodara"", ""population"": 1670000}",False
214,"{""phone"": ""84XXXXX012"", ""signal_strength"": ""-65dBm""}",True
215,"{""first_name"": ""Gaurav"", ""t_shirt_size"": ""L""}",False
216,"{""name"": ""[REDACTED_PII]"", ""address"": ""[REDACTED_PII]"", ""email"": ""[REDACTED_PII]""}",True
217,"{""docker_compose"": ""version_3"", ""services"": 8}",False
218,"{""passport"": ""[REDACTED_PII]"", ""blood_type"": ""A+""}",True
219,"{""last_name"": ""Bansal"", ""coffee_preference"": ""cappuccino""}",False
220,"{""aadhar"": ""[REDACTED_PII]"", ""senior_citizen"": false}",True
221,"{""nagios_check"": ""ok"", ""last_check"": ""2024-01-20T15:30:00Z""}",False
222,"{""name"": ""[REDACTED_PII]"", ""phone"": ""72XXXXX890"", ""email"": ""[REDACTED_PII]""}",True
223,"{""zabbix_host"": ""web_server_01"", ""status"": ""monitored""}",False
224,"{""upi_id"": ""[REDACTED_PII]"", ""gst_registered"": true}",True
225,"{""city"": ""Surat"", ""textile_hub"": true}",False
226,"{""phone"": ""93XXXXX012"", ""voicemail_enabled"": false}",True
227,"{""first_name"": ""Pooja"", ""pet_name"": ""Bruno""}",False
228,"{""name"": ""[REDACTED_PII]"", ""address"": ""[REDACTED_PII]"", ""ip_address"": ""[REDACTED_PII]""}",True
229,"{""splunk_index"": ""main"", ""events_per_day"": 1000000}",False
230,"{""passport"": ""[REDACTED_PII]"", ""dual_citizenship"": false}",True
231,"{""last_name"": ""Agrawal"", ""music_preference"": ""classical""}",False
232,"{""aadhar"": ""[REDACTED_PII]"", ""disability_certificate"": false}",True
233,"{""elk_stack"": ""7.10.2"", ""log_retention"": ""30_days""}",False
234,"{""name"": ""[REDACTED_PII]"", ""email"": ""[REDACTED_PII]"", ""device_id"": ""[REDACTED_PII]""}",True
235,"{""redis_cache"": ""cluster_mode"", ""memory_usage"": ""2.1GB""}",False
236,"{""upi_id"": ""[REDACTED_PII]"", ""fraud_alert"": false}",True
237,"{""city"": ""Jodhpur"", ""heritage_site"": true}",False
238,"{""phone"": ""86XXXXX234"", ""emergency_contact"": true}",True
239,"{""first_name"": ""Arpit"", ""gaming_preference"": ""FPS""}",False
240,"{""name"": ""[REDACTED_PII]"", ""address"": ""[REDACTED_PII]"", ""phone"": ""68XXXXX457""}",True
241,"{""memcached"": ""1.6.9"", ""hit_ratio"": 0.84}",False
242,"{""passport"": ""[REDACTED_PII]"", ""organ_donor"": true}",True
243,"{""last_name"": ""Kulkarni"", ""sports_preference"": ""cricket""}",False
244,"{""aadhar"": ""[REDACTED_PII]"", ""pan_linked"": true}",True
245,"{""fluentd_buffer"": ""file"", ""buffer_size"": ""256MB""}",False
246,"{""name"": ""[REDACTED_PII]"", ""email"": ""[REDACTED_PII]"", ""ip_address"": ""[REDACTED_PII]""}",True
247,"{""haproxy_backend"": ""app_servers"", ""active_servers"": 6}",False
248,"{""upi_id"": ""[REDACTED_PII]"", ""reward_points"": 2500}",True
249,"{""city"": ""Agra"", ""monument"": ""Taj Mahal""}",False
250,"{""phone"": ""77XXXXX345"", ""data_plan"": ""unlimited""}",True
251,"{""first_name"": ""Shruti"", ""zodiac_sign"": ""Leo""}",False
252,"{""name"": ""[REDACTED_PII]"", ""address"": ""[REDACTED_PII]"", ""email"": ""[REDACTED_PII]""}",True
253,"{""cassandra_cluster"": ""3_nodes"", ""replication_factor"": 3}",False
254,"{""passport"": ""[REDACTED_PII]"", ""machine_readable"": true}",True
255,"{""last_name"": ""Sinha"", ""reading_habit"": ""fiction""}",False
256,"{""aadhar"": ""[REDACTED_PII]"", ""uan_linked"": true}",True
257,"{""neo4j_database"": ""graph_analytics"", ""node_count"": 50000}",False
258,"{""name"": ""[REDACTED_PII]"", ""phone"": ""98XXXXX210"", ""email"": ""[REDACTED_PII]""}",True
259,"{""apache_kafka"": ""2.8.0"", ""topics"": 25}",False
260,"{""upi_id"": ""[REDACTED_PII]"", ""standing_instruction"": true}",True
261,"{""city"": ""Guwahati"", ""tea_capital"": true}",False
262,"{""phone"": ""61XXXXX789"", ""hotspot_enabled"": true}",True
263,"{""first_name"": ""Tanvi"", ""dance_form"": ""bharatanatyam""}",False
264,"{""name"": ""[REDACTED_PII]"", ""address"": ""[REDACTED_PII]"", ""ip_address"": ""[REDACTED_PII]""}",True
265,"{""airflow_dag"": ""data_pipeline"", ""schedule_interval"": ""@daily""}",False
266,"{""passport"": ""[REDACTED_PII]"", ""special_endorsement"": false}",True
267,"{""last_name"": ""Pandey"", ""cooking_skill"": ""intermediate""}",False
268,"{""aadhar"": ""[REDACTED_PII]"", ""ration_card_linked"": true}",True
269,"{""spark_cluster"": ""4_workers"", ""memory"": ""16GB""}",False
270,"{""name"": ""[REDACTED_PII]"", ""email"": ""[REDACTED_PII]"", ""device_type"": ""iPhone""}",True
271,"{""hdfs_replication"": 3, ""block_size"": ""128MB""}",False
272,"{""upi_id"": ""[REDACTED_PII]"", ""max_transaction_limit"": 200000}",True
273,"{""city"": ""Dehradun"", ""hill_station"": true}",False
274,"{""phone"": ""95XXXXX123"", ""call_forwarding"": false}",True
275,"{""first_name"": ""Yash"", ""favorite_cuisine"": ""Italian""}",False
276,"{""name"": ""[REDACTED_PII]"", ""address"": ""[REDACTED_PII]"", ""phone"": ""89XXXXX567""}",True
277,"{""mongodb_replica"": ""primary"", ""oplog_size"": ""2GB""}",False
278,"{""passport"": ""[REDACTED_PII]"", ""chip_enabled"": true}",True
279,"{""last_name"": ""Gupta"", ""travel_frequency"": ""frequent""}",False
280,"{""aadhar"": ""[REDACTED_PII]"", ""voter_id_linked"": true}",True
281,"{""postgresql_version"": ""13.4"", ""extensions"": ""postgis,pg_stat_statements""}",False
282,"{""name"": ""[REDACTED_PII]"", ""email"": ""[REDACTED_PII]"", ""ip_address"": ""[REDACTED_PII]""}",True
283,"{""consul_cluster"": ""3_agents"", ""leader_election"": true}",False
284,"{""upi_id"": ""[REDACTED_PII]"", ""mobile_banking"": true}",True
285,"{""city"": ""Shimla"", ""altitude"": ""2205m""}",False
286,"{""phone"": ""82XXXXX890"", ""wifi_calling"": true}",True
287,"{""first_name"": ""Ishita"", ""language_skills"": ""Hindi,English,French""}",False
288,"{""name"": ""[REDACTED_PII]"", ""address"": ""[REDACTED_PII]"", ""email"": ""[REDACTED_PII]""}",True
289,"{""vault_secrets"": ""encrypted"", ""policies"": 8}",False
290,"{""passport"": ""[REDACTED_PII]"", ""photo_biometric"": true}",True
291,"{""last_name"": ""Saxena"", ""workout_routine"": ""yoga""}",False
292,"{""aadhar"": ""[REDACTED_PII]"", ""driving_license_linked"": true}",True
293,"{""kubernetes_ingress"": ""nginx"", ""ssl_termination"": true}",False
294,"{""name"": ""[REDACTED_PII]"", ""phone"": ""71XXXXX890"", ""email"": ""[REDACTED_PII]""}",True
295,"{""etcd_cluster"": ""healthy"", ""raft_applied_index"": 1000000}",False
296,"{""upi_id"": ""[REDACTED_PII]"", ""joint_account"": false}",True
297,"{""city"": ""Manali"", ""skiing_season"": ""winter""}",False
298,"{""phone"": ""97XXXXX345"", ""conference_calling"": true}",True
299,"{""first_name"": ""Naman"", ""programming_language"": ""Python""}",False
300,"{""name"": ""[REDACTED_PII]"", ""address"": ""[REDACTED_PII]"", ""ip_address"": ""[REDACTED_PII]""}",True
301,"{""istio_mesh"": ""enabled"", ""sidecar_injection"": true}",False
302,"{""passport"": ""[REDACTED_PII]"", ""rfid_enabled"": true}",True
303,"{""last_name"": ""Tiwari"", ""meditation_practice"": ""mindfulness""}",False
304,"{""aadhar"": ""[REDACTED_PII]"", ""health_insurance_linked"": true}",True
305,"{""linkerd_proxy"": ""stable-2.11.1"", ""success_rate"": 99.9}",False
306,"{""name"": ""[REDACTED_PII]"", ""email"": ""[REDACTED_PII]"", ""device_id"": ""[REDACTED_PII]""}",True
307,"{""opentelemetry"": ""enabled"", ""traces_per_second"": 1000}",False
308,"{""upi_id"": ""[REDACTED_PII]"", ""credit_card_linked"": true}",True
309,"{""city"": ""Ooty"", ""tea_gardens"": true}",False
310,"{""phone"": ""80XXXXX678"", ""5g_enabled"": true}",True
311,"{""first_name"": ""Sneha"", ""fitness_goal"": ""weight_loss""}",False
312,"{""name"": ""[REDACTED_PII]"", ""address"": ""[REDACTED_PII]"", ""phone"": ""91XXXXX780""}",True
313,"{""jaeger_tracing"": ""distributed"", ""spans_collected"": 50000}",False
314,"{""passport"": ""[REDACTED_PII]"", ""biometric_exit"": true}",True
315,"{""last_name"": ""Mahajan"", ""hobby"": ""painting""}",False
316,"{""aadhar"": ""[REDACTED_PII]"", ""life_insurance_linked"": true}",True
317,"{""zipkin_spans"": ""sampled"", ""sampling_rate"": 0.1}",False
318,"{""name"": ""[REDACTED_PII]"", ""email"": ""[REDACTED_PII]"", ""ip_address"": ""[REDACTED_PII]""}",True
319,"{""flagger_canary"": ""progressive"", ""success_threshold"": 99}",False
320,"{""upi_id"": ""[REDACTED_PII]"", ""fixed_deposit_linked"": true}",True
321,"{""city"": ""Nainital"", ""lake_city"": true}",False
322,"{""phone"": ""73XXXXX901"", ""volte_enabled"": true}",True
323,"{""first_name"": ""Rajat"", ""investment_portfolio"": ""balanced""}",False
324,"{""name"": ""[REDACTED_PII]"", ""address"": ""[REDACTED_PII]"", ""email"": ""[REDACTED_PII]""}",True
325,"{""argo_cd"": ""v2.4.0"", ""applications"": 15}",False
326,"{""passport"": ""[REDACTED_PII]"", ""fast_track_eligible"": true}",True
327,"{""last_name"": ""Verma"", ""social_media"": ""LinkedIn""}",False
328,"{""order_id"": ""ORD123456"", ""product_category"": ""Electronics"", ""status"": ""delivered""}",False
329,"{""transaction_id"": ""TXN789012"", ""payment_method"": ""credit_card"", ""amount"": 15000}",False
330,"{""product_sku"": ""SKU456789"", ""brand"": ""Samsung"", ""rating"": 4.5}",False
331,"{""campaign_id"": ""CAM123"", ""click_rate"": 0.045, ""conversion"": 0.12}",False
332,"{""session_id"": ""SESS456"", ""page_views"": 8, ""bounce_rate"": 0.25}",False
333,"{""warehouse_code"": ""WH001"", ""inventory_level"": 150, ""reorder_point"": 50}",False
334,"{""coupon_code"": ""SAVE20"", ""discount_percentage"": 20, ""usage_limit"": 1000}",False
335,"{""api_key"": ""API789"", ""requests_per_minute"": 500, ""quota_exceeded"": false}",False
336,"{""batch_id"": ""BATCH123"", ""processed_records"": 50000, ""error_count"": 12}",False
337,"{""log_entry"": ""INFO"", ""timestamp"": ""2024-01-20T10:30:00Z"", ""module"": ""payment_service""}",False
338,"{""metric_name"": ""response_time"", ""value"": 120, ""unit"": ""milliseconds""}",False
339,"{""feature_flag"": ""new_checkout"", ""enabled"": true, ""rollout_percentage"": 50}",False
340,"{""service_name"": ""user_service"", ""version"": ""v2.1.0"", ""health_status"": ""healthy""}",False
341,"{""database_name"": ""primary"", ""connection_pool"": 20, ""active_connections"": 15}",False
342,"{""queue_name"": ""order_processing"", ""message_count"": 245, ""consumers"": 3}",False
343,"{""cache_key"": ""user_profile_123"", ""ttl"": 3600, ""hit_ratio"": 0.85}",False
344,"{""deployment_id"": ""DEP456"", ""environment"": ""production"", ""rollback_available"": true}",False
345,"{""alert_id"": ""ALT789"", ""severity"": ""warning"", ""acknowledged"": false}",False
346,"{""backup_id"": ""BAK123"", ""size"": ""2.5GB"", ""verification"": ""passed""}",False
347,"{""test_suite"": ""integration_tests"", ""passed"": 145, ""failed"": 3}",False
348,"{""build_number"": ""BUILD789"", ""commit_hash"": ""abc123def"", ""deployment_time"": ""2024-01-20T14:25:00Z""}",False
349,"{""region"": ""ap-south-1"", ""availability_zone"": ""ap-south-1a"", ""instance_type"": ""t3.medium""}",False
350,"{""security_scan"": ""vulnerability_assessment"", ""high_risk"": 0, ""medium_risk"": 2}",False
351,"{""load_balancer"": ""ALB"", ""target_groups"": 2, ""healthy_targets"": 6}",False
352,"{""cdn_provider"": ""CloudFront"", ""cache_hit_ratio"": 0.92, ""origin_requests"": 1500}",False
353,"{""ssl_certificate"": ""wildcard"", ""issuer"": ""Let's Encrypt"", ""expiry"": ""2024-12-31""}",False
354,"{""monitoring_dashboard"": ""system_overview"", ""widgets"": 12, ""refresh_interval"": 30}",False
355,"{""compliance_check"": ""gdpr"", ""status"": ""compliant"", ""last_audit"": ""2024-01-01""}",False
356,"{""machine_learning_model"": ""recommendation_engine"", ""accuracy"": 0.89, ""training_data"": ""1M_samples""}",False
357,"{""data_pipeline"": ""etl_daily"", ""source"": ""mongodb"", ""destination"": ""data_warehouse""}",False
358,"{""kubernetes_pod"": ""api-deployment-abc123"", ""cpu_usage"": ""65%"", ""memory_usage"": ""512MB""}",False
359,"{""docker_image"": ""app:v1.2.3"", ""size"": ""150MB"", ""layers"": 8}",False
360,"{""git_branch"": ""feature/new-ui"", ""commits_ahead"": 5, ""merge_conflicts"": false}",False
361,"{""network_interface"": ""eth0"", ""bytes_in"": 1048576, ""bytes_out"": 524288}",False
362,"{""file_system"": ""/dev/sda1"", ""total_space"": ""100GB"", ""free_space"": ""25GB""}",False
363,"{""process_id"": ""12345"", ""cpu_time"": ""2.5s"", ""memory_usage"": ""256MB""}",False
364,"{""thread_pool"": ""worker_threads"", ""active_threads"": 8, ""queue_size"": 15}",False
365,"{""garbage_collection"": ""G1GC"", ""pause_time"": ""10ms"", ""frequency"": ""every_30s""}",False
366,"{""connection_string"": ""postgresql://localhost:5432/app_db"", ""max_connections"": 100, ""current_connections"": 45}",False
367,"{""search_index"": ""products_v2"", ""document_count"": 1000000, ""size"": ""2.1GB""}",False
368,"{""message_broker"": ""RabbitMQ"", ""exchange_type"": ""topic"", ""routing_key"": ""order.created""}",False
369,"{""streaming_platform"": ""Apache Kafka"", ""partition_count"": 12, ""replication_factor"": 3}",False
370,"{""container_orchestrator"": ""Kubernetes"", ""namespace"": ""production"", ""pod_count"": 25}",False
371,"{""microservice_architecture"": ""event_driven"", ""service_count"": 15, ""communication"": ""async""}",False
372,"{""api_gateway"": ""Kong"", ""rate_limiting"": ""1000_rpm"", ""authentication"": ""JWT""}",False
373,"{""service_mesh"": ""Istio"", ""sidecar_proxy"": ""Envoy"", ""mTLS_enabled"": true}",False
374,"{""observability_stack"": ""ELK"", ""log_retention"": ""30_days"", ""alert_rules"": 25}",False
375,"{""aadhar"": ""[REDACTED_PII]"", ""address_verification"": ""completed"", ""timestamp"": ""2024-01-20T09:15:00Z""}",True
376,"{""name"": ""[REDACTED_PII]"", ""email"": ""[REDACTED_PII]"", ""address"": ""[REDACTED_PII]""}",True
377,"{""phone"": ""98XXXXX210"", ""carrier_name"": ""Airtel"", ""plan_type"": ""postpaid""}",True
378,"{""upi_id"": ""[REDACTED_PII]"", ""linked_bank"": ""HDFC Bank"", ""kyc_status"": ""verified""}",True
379,"{""passport"": ""[REDACTED_PII]"", ""issue_place"": ""Mumbai"", ""validity"": ""10_years""}",True
380,"{""name"": ""[REDACTED_PII]"", ""phone"": ""87XXXXX109"", ""email"": ""[REDACTED_PII]"", ""device_type"": ""Android""}",True
381,"{""aadhar"": ""[REDACTED_PII]"", ""biometric_status"": ""locked"", ""unlock_required"": true}",True
382,"{""name"": ""[REDACTED_PII]"", ""address"": ""[REDACTED_PII]"", ""ip_address"": ""[REDACTED_PII]""}",True
383,"{""phone"": ""76XXXXX098"", ""international_code"": ""+91"", ""verified"": true}",True
384,"{""upi_id"": ""[REDACTED_PII]"", ""transaction_pin"": ""set"", ""daily_limit"": 100000}",True
385,"{""passport"": ""[REDACTED_PII]"", ""photo_updated"": ""2024-01-15"", ""pages_left"": 32}",True
386,"{""name"": ""[REDACTED_PII]"", ""email"": ""[REDACTED_PII]"", ""department"": ""HR""}",True
387,"{""aadhar"": ""[REDACTED_PII]"", ""mobile_verification"": ""pending"", ""otp_sent"": true}",True
388,"{""name"": ""[REDACTED_PII]"", ""address"": ""[REDACTED_PII]"", ""phone"": ""89XXXXX567""}",True
389,"{""phone"": ""67XXXXX345"", ""sms_service"": ""enabled"", ""promotional_consent"": false}",True
390,"{""upi_id"": ""[REDACTED_PII]"", ""beneficiary_limit"": 20, ""recent_transaction"": ""2024-01-20""}",True
391,"{""passport"": ""[REDACTED_PII]"", ""emergency_contact_name"": ""Priya Shetty"", ""relationship"": ""spouse""}",True
392,"{""name"": ""[REDACTED_PII]"", ""email"": ""[REDACTED_PII]"", ""ip_address"": ""[REDACTED_PII]""}",True
393,"{""aadhar"": ""[REDACTED_PII]"", ""demographic_auth"": ""success"", ""attempt_count"": 1}",True
394,"{""name"": ""[REDACTED_PII]"", ""address"": ""[REDACTED_PII]"", ""email"": ""[REDACTED_PII]""}",True
395,"{""phone"": ""92XXXXX801"", ""call_log_consent"": true, ""privacy_setting"": ""medium""}",True
396,"{""upi_id"": ""[REDACTED_PII]"", ""merchant_payments"": 15, ""last_settlement"": ""2024-01-19""}",True
397,"{""passport"": ""[REDACTED_PII]"", ""visa_pages"": 8, ""endorsement_pages"": 2}",True
398,"{""name"": ""[REDACTED_PII]"", ""phone"": ""81XXXXX789"", ""email"": ""[REDACTED_PII]""}",True
399,"{""aadhar"": ""[REDACTED_PII]"", ""bank_seeding"": ""completed"", ""subsidy_linked"": true}",True
400,"{""name"": ""[REDACTED_PII]"", ""address"": ""[REDACTED_PII]"", ""ip_address"": ""[REDACTED_PII]""}",True
401,"{""phone"": ""78XXXXX456"", ""roaming_activated"": true, ""international_plan"": ""active""}",True
402,"{""upi_id"": ""[REDACTED_PII]"", ""family_account"": true, ""members_linked"": 4}",True
403,"{""passport"": ""[REDACTED_PII]"", ""chip_technology"": ""enabled"", ""security_features"": ""enhanced""}",True
404,"{""name"": ""[REDACTED_PII]"", ""email"": ""[REDACTED_PII]"", ""device_id"": ""[REDACTED_PII]""}",True
405,"{""aadhar"": ""[REDACTED_PII]"", ""disability_flag"": false, ""senior_citizen"": false}",True
406,"{""name"": ""[REDACTED_PII]"", ""address"": ""[REDACTED_PII]"", ""phone"": ""69XXXXX578""}",True
407,"{""phone"": ""95XXXXX234"", ""caller_tune"": ""enabled"", ""ringback_tone"": ""bollywood_classic""}",True
408,"{""upi_id"": ""[REDACTED_PII]"", ""insurance_premium"": ""auto_debit"", ""policy_linked"": true}",True
409,"{""passport"": ""[REDACTED_PII]"", ""place_of_birth"": ""Mumbai"", ""spouse_name"": ""Sutapa Sikdar""}",True
410,"{""name"": ""[REDACTED_PII]"", ""email"": ""[REDACTED_PII]"", ""ip_address"": ""[REDACTED_PII]""}",True
411,"{""aadhar"": ""[REDACTED_PII]"", ""rural_address"": false, ""urban_classification"": true}",True
412,"{""name"": ""[REDACTED_PII]"", ""address"": ""[REDACTED_PII]"", ""email"": ""[REDACTED_PII]""}",True
413,"{""phone"": ""84XXXXX012"", ""missed_call_alert"": true, ""call_waiting"": ""enabled""}",True
414,"{""upi_id"": ""[REDACTED_PII]"", ""loan_emi"": ""auto_pay"", ""next_due"": ""2024-02-01""}",True
415,"{""passport"": ""[REDACTED_PII]"", ""frequent_traveler"": true, ""miles_accumulated"": 50000}",True
416,"{""name"": ""[REDACTED_PII]"", ""phone"": ""73XXXXX901"", ""email"": ""[REDACTED_PII]""}",True
417,"{""aadhar"": ""[REDACTED_PII]"", ""health_id"": ""linked"", ""vaccination_status"": ""fully_vaccinated""}",True
418,"{""name"": ""[REDACTED_PII]"", ""address"": ""[REDACTED_PII]"", ""ip_address"": ""[REDACTED_PII]""}",True
419,"{""phone"": ""96XXXXX234"", ""network_type"": ""4G"", ""data_usage"": ""15GB_monthly""}",True
420,"{""upi_id"": ""[REDACTED_PII]"", ""savings_goal"": ""home_purchase"", ""target_amount"": 5000000}",True
421,"{""passport"": ""[REDACTED_PII]"", ""digital_copy"": ""available"", ""qr_code"": ""generated""}",True
422,"{""name"": ""[REDACTED_PII]"", ""email"": ""[REDACTED_PII]"", ""device_type"": ""Samsung""}",True
423,"{""aadhar"": ""[REDACTED_PII]"", ""aadhaar_pay"": ""enabled"", ""micro_atm"": ""registered""}",True
424,"{""name"": ""[REDACTED_PII]"", ""address"": ""[REDACTED_PII]"", ""phone"": ""87XXXXX345""}",True
425,"{""phone"": ""67XXXXX345"", ""backup_sim"": ""inactive"", ""primary_number"": true}",True
426,"{""upi_id"": ""[REDACTED_PII]"", ""credit_score_check"": ""monthly"", ""current_score"": 785}",True
427,"{""passport"": ""[REDACTED_PII]"", ""biometric_data"": ""encrypted"", ""facial_recognition"": true}",True
428,"{""name"": ""[REDACTED_PII]"", ""email"": ""[REDACTED_PII]"", ""ip_address"": ""[REDACTED_PII]""}",True
429,"{""aadhar"": ""[REDACTED_PII]"", ""consent_manager"": ""registered"", ""data_sharing"": ""limited""}",True
430,"{""name"": ""[REDACTED_PII]"", ""address"": ""[REDACTED_PII]"", ""email"": ""[REDACTED_PII]""}",True
431,"{""phone"": ""78XXXXX456"", ""video_calling"": true, ""screen_sharing"": ""enabled""}",True
432,"{""upi_id"": ""[REDACTED_PII]"", ""student_account"": true, ""education_loan"": ""linked""}",True
433,"{""passport"": ""[REDACTED_PII]"", ""minor_passport"": false, ""guardian_details"": ""not_applicable""}",True
434,"{""name"": ""[REDACTED_PII]"", ""phone"": ""89XXXXX567"", ""email"": ""[REDACTED_PII]""}",True
435,"{""aadhar"": ""[REDACTED_PII]"", ""fitness_tracker"": ""linked"", ""health_records"": ""digital""}",True
436,"{""name"": ""[REDACTED_PII]"", ""address"": ""[REDACTED_PII]"", ""ip_address"": ""[REDACTED_PII]""}",True
437,"{""phone"": ""90XXXXX678"", ""ai_assistant"": ""enabled"", ""voice_recognition"": true}",True
438,"{""upi_id"": ""[REDACTED_PII]"", ""fashion_expenses"": ""tracked"", ""budget_alert"": true}",True
439,"{""passport"": ""[REDACTED_PII]"", ""travel_insurance"": ""comprehensive"", ""coverage"": ""worldwide""}",True
440,"{""name"": ""[REDACTED_PII]"", ""email"": ""[REDACTED_PII]"", ""device_id"": ""[REDACTED_PII]""}",True
441,"{""aadhar"": ""[REDACTED_PII]"", ""military_service"": ""eligible"", ""ncc_certificate"": true}",True
442,"{""name"": ""[REDACTED_PII]"", ""address"": ""[REDACTED_PII]"", ""phone"": ""71XXXXX890""}",True
443,"{""phone"": ""82XXXXX890"", ""conference_call"": ""premium"", ""participants_limit"": 50}",True
444,"{""upi_id"": ""[REDACTED_PII]"", ""jewelry_insurance"": ""active"", ""premium"": ""monthly""}",True
445,"{""passport"": ""[REDACTED_PII]"", ""diplomatic_immunity"": false, ""official_travel"": ""business""}",True
446,"{""name"": ""[REDACTED_PII]"", ""email"": ""[REDACTED_PII]"", ""ip_address"": ""[REDACTED_PII]""}",True
447,"{""aadhar"": ""[REDACTED_PII]"", ""property_registration"": ""linked"", ""stamp_duty"": ""paid""}",True
448,"{""name"": ""[REDACTED_PII]"", ""address"": ""[REDACTED_PII]"", ""email"": ""[REDACTED_PII]""}",True
449,"{""phone"": ""93XXXXX012"", ""music_streaming"": ""premium"", ""offline_downloads"": 500}",True
450,"{""upi_id"": ""[REDACTED_PII]"", ""concert_tickets"": ""auto_book"", ""artist_alerts"": true}",True
451,"{""passport"": ""[REDACTED_PII]"", ""artist_visa"": ""multi_entry"", ""performance_permit"": true}",True
452,"{""name"": ""[REDACTED_PII]"", ""phone"": ""84XXXXX012"", ""email"": ""[REDACTED_PII]""}",True
453,"{""aadhar"": ""[REDACTED_PII]"", ""comedy_club"": ""member"", ""performance_rights"": ""registered""}",True
454,"{""name"": ""[REDACTED_PII]"", ""address"": ""[REDACTED_PII]"", ""ip_address"": ""[REDACTED_PII]""}",True
455,"{""phone"": ""75XXXXX123"", ""fashion_alerts"": true, ""brand_notifications"": ""selective""}",True
456,"{""upi_id"": ""[REDACTED_PII]"", ""designer_payments"": ""frequent"", ""luxury_limit"": 1000000}",True
457,"{""passport"": ""[REDACTED_PII]"", ""fashion_week"": ""participant"", ""designer_collaboration"": true}",True
458,"{""name"": ""[REDACTED_PII]"", ""email"": ""[REDACTED_PII]"", ""device_type"": ""OnePlus""}",True
459,"{""aadhar"": ""[REDACTED_PII]"", ""medical_college"": ""alumni"", ""practicing_license"": ""valid""}",True
460,"{""name"": ""[REDACTED_PII]"", ""address"": ""[REDACTED_PII]"", ""phone"": ""96XXXXX234""}",True
461,"{""phone"": ""68XXXXX456"", ""regional_content"": ""Telugu"", ""dubbing_preference"": ""original""}",True
462,"{""upi_id"": ""[REDACTED_PII]"", ""south_cinema"": ""promotions"", ""fan_engagement"": ""high""}",True
463,"{""passport"": ""[REDACTED_PII]"", ""regional_cinema"": ""ambassador"", ""cultural_exchange"": true}",True
464,"{""name"": ""[REDACTED_PII]"", ""email"": ""[REDACTED_PII]"", ""ip_address"": ""[REDACTED_PII]""}",True
465,"{""aadhar"": ""[REDACTED_PII]"", ""dance_academy"": ""owner"", ""choreography_rights"": ""exclusive""}",True
466,"{""name"": ""[REDACTED_PII]"", ""address"": ""[REDACTED_PII]"", ""email"": ""[REDACTED_PII]""}",True
467,"{""phone"": ""89XXXXX567"", ""charity_work"": ""active"", ""foundation_calls"": ""priority""}",True
468,"{""upi_id"": ""[REDACTED_PII]"", ""donation_auto"": ""monthly"", ""cause"": ""women_empowerment""}",True
469,"{""passport"": ""[REDACTED_PII]"", ""humanitarian_visa"": ""active"", ""ngo_collaboration"": true}",True
470,"{""name"": ""[REDACTED_PII]"", ""phone"": ""72XXXXX890"", ""email"": ""[REDACTED_PII]""}",True
471,"{""aadhar"": ""[REDACTED_PII]"", ""horse_racing"": ""license"", ""stable_owner"": true}",True
472,"{""name"": ""[REDACTED_PII]"", ""address"": ""[REDACTED_PII]"", ""ip_address"": ""[REDACTED_PII]""}",True
473,"{""phone"": ""83XXXXX901"", ""political_updates"": ""subscribed"", ""rally_notifications"": true}",True
474,"{""upi_id"": ""[REDACTED_PII]"", ""political_donations"": ""transparent"", ""party_fund"": ""contributor""}",True
475,"{""passport"": ""[REDACTED_PII]"", ""political_visa"": ""diplomatic"", ""state_visits"": ""official""}",True
476,"{""name"": ""[REDACTED_PII]"", ""email"": ""[REDACTED_PII]"", ""device_id"": ""[REDACTED_PII]""}",True
477,"{""aadhar"": ""[REDACTED_PII]"", ""production_house"": ""owner"", ""film_financing"": ""independent""}",True
478,"{""name"": ""[REDACTED_PII]"", ""address"": ""[REDACTED_PII]"", ""phone"": ""94XXXXX012""}",True
479,"{""phone"": ""76XXXXX234"", ""pan_india"": ""stardom"", ""multilingual_alerts"": true}",True
480,"{""upi_id"": ""[REDACTED_PII]"", ""movie_budget"": ""international"", ""currency"": ""multi""}",True
481,"{""passport"": ""[REDACTED_PII]"", ""international_filming"": ""permitted"", ""visa_facilitation"": true}",True
482,"{""name"": ""[REDACTED_PII]"", ""email"": ""[REDACTED_PII]"", ""ip_address"": ""[REDACTED_PII]""}",True
483,"{""aadhar"": ""[REDACTED_PII]"", ""visual_effects"": ""studio_owner"", ""technology_innovator"": true}",True
484,"{""name"": ""[REDACTED_PII]"", ""address"": ""[REDACTED_PII]"", ""email"": ""[REDACTED_PII]""}",True
485,"{""phone"": ""85XXXXX123"", ""fitness_regime"": ""strict"", ""trainer_calls"": ""daily""}",True
486,"{""upi_id"": ""[REDACTED_PII]"", ""fitness_equipment"": ""premium"", ""health_monitoring"": ""advanced""}",True
487,"{""passport"": ""[REDACTED_PII]"", ""fitness_travel"": ""wellness"", ""spa_treatments"": ""international""}",True
488,"{""name"": ""[REDACTED_PII]"", ""phone"": ""97XXXXX345"", ""email"": ""[REDACTED_PII]""}",True
489,"{""aadhar"": ""[REDACTED_PII]"", ""brand_ambassador"": ""multiple"", ""endorsement_value"": ""premium""}",True
490,"{""name"": ""[REDACTED_PII]"", ""address"": ""[REDACTED_PII]"", ""ip_address"": ""[REDACTED_PII]""}",True
491,"{""phone"": ""61XXXXX789"", ""punjabi_connection"": ""cultural"", ""regional_films"": ""multilingual""}",True
492,"{""upi_id"": ""[REDACTED_PII]"", ""cultural_events"": ""sponsor"", ""heritage_preservation"": ""donor""}",True
493,"{""passport"": ""[REDACTED_PII]"", ""cultural_ambassador"": ""official"", ""international_events"": ""participant""}",True
494,"{""name"": ""[REDACTED_PII]"", ""email"": ""[REDACTED_PII]"", ""device_type"": ""iPhone_Pro""}",True
495,"{""aadhar"": ""[REDACTED_PII]"", ""fitness_influencer"": ""certified"", ""wellness_brand"": ""founder""}",True
496,"{""name"": ""[REDACTED_PII]"", ""address"": ""[REDACTED_PII]"", ""phone"": ""82XXXXX890""}",True
497,"{""phone"": ""78XXXXX456"", ""dance_choreography"": ""skilled"", ""performance_rights"": ""exclusive""}",True
498,"{""upi_id"": ""[REDACTED_PII]"", ""dance_academy"": ""investment"", ""cultural_promotion"": ""active""}",True
499,"{""passport"": ""[REDACTED_PII]"", ""dance_festivals"": ""judge"", ""international_recognition"": true}",True
500,"{""name"": ""[REDACTED_PII]"", ""email"": ""[REDACTED_PII]"", ""ip_address"": ""[REDACTED_PII]""}",True
